{"prc": [{"precision": 0.3854748603351955, "recall": 1.0, "threshold": 0.0}, {"precision": 0.8076923076923077, "recall": 0.6086956521739131, "threshold": 1.0}]}