{"train": {"accuracy": 0.9620786516853933, "precision": 0.9694656488549618, "recall": 0.9304029304029304, "f1-score": 0.9495327102803738}, "test": {"accuracy": 0.7932960893854749, "precision": 0.8076923076923077, "recall": 0.6086956521739131, "f1-score": 0.6942148760330579}}