{"train": {"accuracy": 0.9578651685393258, "precision": 0.9691119691119691, "recall": 0.9194139194139194, "f1-score": 0.9436090225563909}, "test": {"accuracy": 0.8044692737430168, "precision": 0.84, "recall": 0.6086956521739131, "f1-score": 0.7058823529411766}}